kbtJJieQX-E	Moral, Ética, Política & Cultura Contemporânea
6HHMha9U4XQ	Igreja, Vaticano & Atualidade Eclesial
VI8xqGocQz4	Cinema, TV & Cultura (comentários)
y0R3rM2j92U	Homilias, Reflexões & Vida Cristã
aa8wCLMoN0A	Institucional, Anúncios & Bastidores (Word on Fire)
oHyViQuX93E	Institucional, Anúncios & Bastidores (Word on Fire)
cSk2XaorJgE	Cinema, TV & Cultura (comentários)
MARCEBvuCyo	Homilias, Reflexões & Vida Cristã
v7q4tKntme0	Homilias, Reflexões & Vida Cristã
rPAhtdRLMqI	Igreja, Vaticano & Atualidade Eclesial
r1zOxQkM0wc	Institucional, Anúncios & Bastidores (Word on Fire)
U6OgcyUlqPQ	Institucional, Anúncios & Bastidores (Word on Fire)
WWIdmXNxHcQ	Homilias, Reflexões & Vida Cristã
D1rttDvMIZY	Homilias, Reflexões & Vida Cristã
i9u4Ld-D9TU	Discursos & Palestras (universidades, academias, keynotes)
EXZ1Czf0M6Q	Institucional, Anúncios & Bastidores (Word on Fire)
gVVHLtQH2B0	Institucional, Anúncios & Bastidores (Word on Fire)
B4zPTY4odqE	Viagens, Peregrinações & Lugares
YLCz8xCQK84	Igreja, Vaticano & Atualidade Eclesial
h0_nHJr2E2g	Igreja, Vaticano & Atualidade Eclesial
PMEkwQMa6z8	Moral, Ética, Política & Cultura Contemporânea
FcrsFZ7Mghw	Filosofia, Fé & Razão
pPBoNedtwDg	Moral, Ética, Política & Cultura Contemporânea
CSIljpL6-lk	Cinema, TV & Cultura (comentários)
AiQTjSPQHdQ	Cinema, TV & Cultura (comentários)
mf188zZhrLQ	Discursos & Palestras (universidades, academias, keynotes)
kbeYlMdoIlE	Filosofia, Fé & Razão
urC1SinqBsc	Homilias, Reflexões & Vida Cristã
1h7QnyBq9_0	Moral, Ética, Política & Cultura Contemporânea
Cy-aaNBUfY8	Igreja, Vaticano & Atualidade Eclesial
g5JhPI1Wfms	Vida Espiritual, Oração, Sacramentos & Liturgia
4HwgYK8GjlU	Moral, Ética, Política & Cultura Contemporânea
bPDjWJ4Bbf0	Igreja, Vaticano & Atualidade Eclesial
PTbx6KAc1_w	Igreja, Vaticano & Atualidade Eclesial
vTjRWyD1Ud8	Moral, Ética, Política & Cultura Contemporânea
YuYlWORSzkE	Institucional, Anúncios & Bastidores (Word on Fire)
b6rsLZqL91M	Homilias, Reflexões & Vida Cristã
I2pXahTgeNQ	«Bishop Barron Presents» — Diálogos & Entrevistas
5bpENsVoan4	Moral, Ética, Política & Cultura Contemporânea
SOg7LqPdrGk	Discursos & Palestras (universidades, academias, keynotes)
uP9v7H7ZWzg	Vida Espiritual, Oração, Sacramentos & Liturgia
LpSyFOrR3v4	«Bishop Barron Presents» — Diálogos & Entrevistas
xH2xRg-xppg	Homilias, Reflexões & Vida Cristã
H4efohZMi44	Institucional, Anúncios & Bastidores (Word on Fire)
shrn0x4IZ3w	Homilias, Reflexões & Vida Cristã
CxPPEODlsUY	Moral, Ética, Política & Cultura Contemporânea
bSosx6MzIcg	Viagens, Peregrinações & Lugares
vInyJQ4Kwpc	Moral, Ética, Política & Cultura Contemporânea
nxYMASRhIQk	«Bishop Barron Presents» — Diálogos & Entrevistas
Ev9F2sF6agU	Moral, Ética, Política & Cultura Contemporânea
qnH93ksmQ1w	«Bishop Barron Presents» — Diálogos & Entrevistas
tc5O0kv4AnI	Filosofia, Fé & Razão
SSWHDb5A2tc	«Bishop Barron Presents» — Diálogos & Entrevistas
4mU4dwUVNOs	Santos, Doutores & Figuras da Igreja
6gBKtqU9D8s	Igreja, Vaticano & Atualidade Eclesial
lzCkQlRnFuo	Vida Espiritual, Oração, Sacramentos & Liturgia
Cf_QqR6TD8k	«Bishop Barron Presents» — Diálogos & Entrevistas
pBA2aMrmiTE	«Bishop Barron Presents» — Diálogos & Entrevistas
k5lZ36lG5SQ	Ateísmo, Secularismo & Apologética
inV3aAwDc2U	«Bishop Barron Presents» — Diálogos & Entrevistas
L5EQvbRkNOY	Igreja, Vaticano & Atualidade Eclesial
gsn8bcEdxic	Ateísmo, Secularismo & Apologética
vvvDr-ibMPw	«Bishop Barron Presents» — Diálogos & Entrevistas
bfwk2C2WWBI	Moral, Ética, Política & Cultura Contemporânea
auMQJ5Ec-lE	«Bishop Barron Presents» — Diálogos & Entrevistas
tzh88wb0B1c	Moral, Ética, Política & Cultura Contemporânea
PRf0QIsAD5k	Igreja, Vaticano & Atualidade Eclesial
fXhuanjYTkQ	Cristologia, Trindade & Doutrina
E1VRwp9zdqo	Homilias, Reflexões & Vida Cristã
1AtkNmEnBos	Vida Espiritual, Oração, Sacramentos & Liturgia
vsjnAxCZDY0	«Bishop Barron Presents» — Diálogos & Entrevistas
r4qehpTUlhA	«Bishop Barron Presents» — Diálogos & Entrevistas
KBZnNbUPBms	«Bishop Barron Presents» — Diálogos & Entrevistas
tmIsV64xxqk	«Bishop Barron Presents» — Diálogos & Entrevistas
PHnrBUin_bs	«Bishop Barron Presents» — Diálogos & Entrevistas
6PiS7crTeFk	Vida Espiritual, Oração, Sacramentos & Liturgia
niiYuFqyA8Q	Discursos & Palestras (universidades, academias, keynotes)
RsVUYS2tBQ4	«Bishop Barron Presents» — Diálogos & Entrevistas
J_cn55MUt6U	Filosofia, Fé & Razão
CBrN6cQIqC0	«Bishop Barron Presents» — Diálogos & Entrevistas
VG7fcByzOB4	Institucional, Anúncios & Bastidores (Word on Fire)
6CKkC74jWjQ	Moral, Ética, Política & Cultura Contemporânea
tz66JL89w_c	«Bishop Barron Presents» — Diálogos & Entrevistas
ag4R1xnFCE8	«Bishop Barron Presents» — Diálogos & Entrevistas
jOCm6n_8WMM	«Bishop Barron Presents» — Diálogos & Entrevistas
ZyvSYc9QNhU	Igreja, Vaticano & Atualidade Eclesial
BcBvbfJvt8c	«Bishop Barron Presents» — Diálogos & Entrevistas
8mtZ5LgBBbs	«Bishop Barron Presents» — Diálogos & Entrevistas
XC5qC69f2H0	Santos, Doutores & Figuras da Igreja
ylP5AKCd_Qg	Homilias, Reflexões & Vida Cristã
Ot3z8fgjHRo	Institucional, Anúncios & Bastidores (Word on Fire)
ReAcnPDIGxM	Institucional, Anúncios & Bastidores (Word on Fire)
EUrUTWYMz1c	Homilias, Reflexões & Vida Cristã
8AQh1eitMGE	Homilias, Reflexões & Vida Cristã
vQL4OZgdQDw	Ateísmo, Secularismo & Apologética
pz2MAwX73GM	Vida Espiritual, Oração, Sacramentos & Liturgia
3qGaBwHoIzw	«Bishop Barron Presents» — Diálogos & Entrevistas
_-89iVcv2Ro	Institucional, Anúncios & Bastidores (Word on Fire)
yPth9LFrtO0	Moral, Ética, Política & Cultura Contemporânea
tQ9MRFZePGk	Institucional, Anúncios & Bastidores (Word on Fire)
5joeufNTOEE	Moral, Ética, Política & Cultura Contemporânea
wX9gBAP6XOI	Filosofia, Fé & Razão
Y9tgdJg6Nvo	Viagens, Peregrinações & Lugares
s257muUT_hg	Viagens, Peregrinações & Lugares
NB0qcTkJqU4	Vida Espiritual, Oração, Sacramentos & Liturgia
yu3OBoyhKOI	Viagens, Peregrinações & Lugares
XwyWaZ2ZaVQ	Viagens, Peregrinações & Lugares
hit1izMGgzQ	Viagens, Peregrinações & Lugares
ZwTO-o0ecPM	Viagens, Peregrinações & Lugares
Y2LgWtS2MvI	Viagens, Peregrinações & Lugares
uverIDRFIxg	Institucional, Anúncios & Bastidores (Word on Fire)
485Kq5881C8	Moral, Ética, Política & Cultura Contemporânea
FelLDY-yf20	Cristologia, Trindade & Doutrina
XVYZp02iqiM	Cinema, TV & Cultura (comentários)
Wp-wQUxJSwE	Homilias, Reflexões & Vida Cristã
jNT4Ypr4yg8	Cinema, TV & Cultura (comentários)
pHoL0xu5fII	Institucional, Anúncios & Bastidores (Word on Fire)
BwceA_qDyBw	Filosofia, Fé & Razão
le9-IvxJ6OM	Moral, Ética, Política & Cultura Contemporânea
cede351vQvI	Viagens, Peregrinações & Lugares
odX4Tj7esvU	Moral, Ética, Política & Cultura Contemporânea
bfXv_UPEAiM	Homilias, Reflexões & Vida Cristã
CfxqTBJpC1c	Homilias, Reflexões & Vida Cristã
GqJszmO8Bhs	«Bishop Barron Presents» — Diálogos & Entrevistas
ksa9VHCI-7g	Moral, Ética, Política & Cultura Contemporânea
VyT3tiPxlPE	«Bishop Barron Presents» — Diálogos & Entrevistas
04pYd0X6c4Q	Ateísmo, Secularismo & Apologética
TKxUa2OOGkI	Moral, Ética, Política & Cultura Contemporânea
LRhMCU3HqYo	Institucional, Anúncios & Bastidores (Word on Fire)
eoTq3jJ7Nls	Igreja, Vaticano & Atualidade Eclesial
8kofjyVn0OE	Santos, Doutores & Figuras da Igreja
y4xubolV5Ws	Filosofia, Fé & Razão
xBvuMFsgAhU	Institucional, Anúncios & Bastidores (Word on Fire)
Ep6_k-EX5Kk	Igreja, Vaticano & Atualidade Eclesial
RbnZHgR_sew	Filosofia, Fé & Razão
ZGu7MUG3oeI	Vida Espiritual, Oração, Sacramentos & Liturgia
UURSfivRGtI	Moral, Ética, Política & Cultura Contemporânea
4M4J5dIiPMM	Moral, Ética, Política & Cultura Contemporânea
Py_4NBfCDnU	Filosofia, Fé & Razão
90Xe7BCBZ3c	«Bishop Barron Presents» — Diálogos & Entrevistas
y3mCpEws0_g	«Bishop Barron Presents» — Diálogos & Entrevistas
1PiWY9-bWsk	Institucional, Anúncios & Bastidores (Word on Fire)
b54ZK_F0AeY	Moral, Ética, Política & Cultura Contemporânea
z4eLestWhJY	Moral, Ética, Política & Cultura Contemporânea
ypzrWzq16bo	Moral, Ética, Política & Cultura Contemporânea
ISvUhqwnePA	Discursos & Palestras (universidades, academias, keynotes)
d5peE-cCZWc	Filosofia, Fé & Razão
E0vIMWx8tyI	Homilias, Reflexões & Vida Cristã
5mkehI385e4	Discursos & Palestras (universidades, academias, keynotes)
dhn8VGIwmO4	Filosofia, Fé & Razão
4tcaz3Xo_2c	Cinema, TV & Cultura (comentários)
sKg0Pa8Asqc	Homilias, Reflexões & Vida Cristã
Iqlsal4SF2o	Institucional, Anúncios & Bastidores (Word on Fire)
P5BJhgL8deo	Homilias, Reflexões & Vida Cristã
alli-4_UJqE	Cinema, TV & Cultura (comentários)
RZmpWlcYiU8	Moral, Ética, Política & Cultura Contemporânea
-oLVgaTfju4	Filosofia, Fé & Razão
YFsvWeam01o	Discursos & Palestras (universidades, academias, keynotes)
hvUaSMZPJHc	Igreja, Vaticano & Atualidade Eclesial
hqY0O0xNZJA	Moral, Ética, Política & Cultura Contemporânea
J63-pmhndXY	Institucional, Anúncios & Bastidores (Word on Fire)
mmnhhx_i-94	Institucional, Anúncios & Bastidores (Word on Fire)
L9pu57LWtZw	Moral, Ética, Política & Cultura Contemporânea
PwtzbFSr6qM	Institucional, Anúncios & Bastidores (Word on Fire)
iSFJE87rgdA	Homilias, Reflexões & Vida Cristã
U04CkBtTNKM	Santos, Doutores & Figuras da Igreja
4EU0Zt4MX2E	Moral, Ética, Política & Cultura Contemporânea
vF3SmEGJElI	Homilias, Reflexões & Vida Cristã
SQMEba51Pjk	Moral, Ética, Política & Cultura Contemporânea
a2EO2_KiSj0	Homilias, Reflexões & Vida Cristã
PsbltHVBIWI	Moral, Ética, Política & Cultura Contemporânea
vIWk1Bj-d9I	Cinema, TV & Cultura (comentários)
BwrJsDuiLiA	Institucional, Anúncios & Bastidores (Word on Fire)
JjoK96J-F2w	Moral, Ética, Política & Cultura Contemporânea
t6_Gg33MKaY	Cinema, TV & Cultura (comentários)
yCGSOXu8ix4	Moral, Ética, Política & Cultura Contemporânea
JcolKi2PLuw	Vida Espiritual, Oração, Sacramentos & Liturgia
xd4lFd4P9Xw	Igreja, Vaticano & Atualidade Eclesial
lAEW4eQloPg	Vida Espiritual, Oração, Sacramentos & Liturgia
wY6vkq6aLXg	Bíblia & Escritura
_sGIubjqxbI	Bíblia & Escritura
vRYfxlBi75s	Vida Espiritual, Oração, Sacramentos & Liturgia
WoJ1hQTVdSo	Vida Espiritual, Oração, Sacramentos & Liturgia
ckUJRg04jyg	Vida Espiritual, Oração, Sacramentos & Liturgia
b2EjBt2PFpc	Vida Espiritual, Oração, Sacramentos & Liturgia
ry7FbjkN-p0	Vida Espiritual, Oração, Sacramentos & Liturgia
EJDVmldG8W4	Discursos & Palestras (universidades, academias, keynotes)
cBgmZdM0IKg	Discursos & Palestras (universidades, academias, keynotes)
K1OWarLyNfU	Moral, Ética, Política & Cultura Contemporânea
GX32w5Uxkwk	Homilias, Reflexões & Vida Cristã
ve071iEHxxI	Moral, Ética, Política & Cultura Contemporânea
KUK0CzRz2PI	Institucional, Anúncios & Bastidores (Word on Fire)
pHm-GB0J78Y	Homilias, Reflexões & Vida Cristã
211e_XshnGM	Institucional, Anúncios & Bastidores (Word on Fire)
YgC8tigo0wE	Literatura, Poesia & Grandes Livros
SaVYjESZoDA	Igreja, Vaticano & Atualidade Eclesial
oH6_ZPiay9g	Cristologia, Trindade & Doutrina
2_zLFQwlPNQ	Igreja, Vaticano & Atualidade Eclesial
QvvDcII_2bM	Ateísmo, Secularismo & Apologética
nURnaC5xGwA	Igreja, Vaticano & Atualidade Eclesial
GX4wfKCvd38	Igreja, Vaticano & Atualidade Eclesial
hkZNKGh_mTY	Discursos & Palestras (universidades, academias, keynotes)
-LWyt_LGaxE	Filosofia, Fé & Razão
kcVNWYdFfOw	Institucional, Anúncios & Bastidores (Word on Fire)
DlCWf3lXHDM	Discursos & Palestras (universidades, academias, keynotes)
Q0A4uMkYPrM	Moral, Ética, Política & Cultura Contemporânea
1laLr_B-M4M	Ateísmo, Secularismo & Apologética
hxA9aC0fiUg	Moral, Ética, Política & Cultura Contemporânea
xrjJbWJuPa8	Homilias, Reflexões & Vida Cristã
DKeD7CEozqo	Bíblia & Escritura
b-CAhsKjI44	Vida Espiritual, Oração, Sacramentos & Liturgia
wdok7yFiMOU	Discursos & Palestras (universidades, academias, keynotes)
SaKbY0axWd0	Moral, Ética, Política & Cultura Contemporânea
SpK9RcLSYIo	Vida Espiritual, Oração, Sacramentos & Liturgia
mL6ZI4KHqMc	Homilias, Reflexões & Vida Cristã
4TgX8fMqOJI	Vida Espiritual, Oração, Sacramentos & Liturgia
AXUCDe2yej0	Vida Espiritual, Oração, Sacramentos & Liturgia
GLIvMaKuu8Y	Filosofia, Fé & Razão
4O6I5huah34	Institucional, Anúncios & Bastidores (Word on Fire)
wD71MBo5gBA	Cristologia, Trindade & Doutrina
QqRIm6QSuQY	Igreja, Vaticano & Atualidade Eclesial
3Fx9KDRFO0U	Moral, Ética, Política & Cultura Contemporânea
IgI29K3DC8w	Moral, Ética, Política & Cultura Contemporânea
CS8nQruSHHI	Bíblia & Escritura
kSURRorWnq8	Vida Espiritual, Oração, Sacramentos & Liturgia
P8VdaBhCucg	Institucional, Anúncios & Bastidores (Word on Fire)
7tM3iDohF5o	Filosofia, Fé & Razão
iiE-cQlPpHM	Institucional, Anúncios & Bastidores (Word on Fire)
L8lVpB6EJJM	Homilias, Reflexões & Vida Cristã
8_VJhBBqE5Y	Moral, Ética, Política & Cultura Contemporânea
3sxGbM2-ma8	Institucional, Anúncios & Bastidores (Word on Fire)
JOvVgqBpeTY	Cristologia, Trindade & Doutrina
7RguLWrI_RE	«Bishop Barron Presents» — Diálogos & Entrevistas
-wDsJVFeH3w	Homilias, Reflexões & Vida Cristã
DFZqv5q3nfo	Filosofia, Fé & Razão
NfMgKp2WQKQ	Filosofia, Fé & Razão
5tSD3-96yE8	Cinema, TV & Cultura (comentários)
61X8HsrIUw8	Santos, Doutores & Figuras da Igreja
XdqHXnzLM8E	Igreja, Vaticano & Atualidade Eclesial
I8wC4qpHZWA	Institucional, Anúncios & Bastidores (Word on Fire)
0DCWtlLQkrA	Vida Espiritual, Oração, Sacramentos & Liturgia
jzYN2hMqLI4	Vida Espiritual, Oração, Sacramentos & Liturgia
P4cZqHoooVo	Discursos & Palestras (universidades, academias, keynotes)
qAP7_qwRlk0	Viagens, Peregrinações & Lugares
QB6w4miLEc8	Institucional, Anúncios & Bastidores (Word on Fire)
_Hli1fo1p2s	Filosofia, Fé & Razão
JEUH58uGVWI	Cinema, TV & Cultura (comentários)
tx-aLDpsI0A	Filosofia, Fé & Razão
1CdwtgJcruI	Moral, Ética, Política & Cultura Contemporânea
Y_vc44IwiBY	Cinema, TV & Cultura (comentários)
xrEXTHu1Q9I	Ateísmo, Secularismo & Apologética
4N6aZrQ9dXY	Igreja, Vaticano & Atualidade Eclesial
87yqN3eSWz8	Institucional, Anúncios & Bastidores (Word on Fire)
Ae68raxZD6w	Igreja, Vaticano & Atualidade Eclesial
RsBpyQfiahg	Cinema, TV & Cultura (comentários)
tVqFozSjpBs	Filosofia, Fé & Razão
A_aiAAzRRc4	Filosofia, Fé & Razão
pyzRoSkPgnA	Moral, Ética, Política & Cultura Contemporânea
pAPM7Q8X0mI	Vida Espiritual, Oração, Sacramentos & Liturgia
oTmnOGk7yLE	Institucional, Anúncios & Bastidores (Word on Fire)
_VZEnDWcpzg	Homilias, Reflexões & Vida Cristã
i95VOSuOJa0	Moral, Ética, Política & Cultura Contemporânea
eW8RNSELqm8	Filosofia, Fé & Razão
pJNjtA-Awb4	Vida Espiritual, Oração, Sacramentos & Liturgia
nPM_QhM_a5g	Moral, Ética, Política & Cultura Contemporânea
fro_AqEw-QE	Cinema, TV & Cultura (comentários)
Tg6PdyuK2CQ	Cristologia, Trindade & Doutrina
AWKdmCXJPlw	Cristologia, Trindade & Doutrina
aHBe1hCe2bY	Ateísmo, Secularismo & Apologética
yED_mBd0gZA	Santos, Doutores & Figuras da Igreja
uJQcocIbJ9M	Institucional, Anúncios & Bastidores (Word on Fire)
KYXPIy3MzoM	Ateísmo, Secularismo & Apologética
Ewa4OpsD04c	Institucional, Anúncios & Bastidores (Word on Fire)
bWHtzNJKPE8	Institucional, Anúncios & Bastidores (Word on Fire)
JSgZQ8_ofA8	Institucional, Anúncios & Bastidores (Word on Fire)
jfLrfFKT5LU	Igreja, Vaticano & Atualidade Eclesial
dwjIf4zaPhU	Viagens, Peregrinações & Lugares
haHni2PeofQ	Viagens, Peregrinações & Lugares
EF93Qyk-t3A	Viagens, Peregrinações & Lugares
NWcKdYRLpYg	Santos, Doutores & Figuras da Igreja
kyqPd-94uzQ	Institucional, Anúncios & Bastidores (Word on Fire)
vfsiIVAQqwg	Cinema, TV & Cultura (comentários)
xnDQLA2o-kI	Filosofia, Fé & Razão
H_PbPJ9jeh4	Igreja, Vaticano & Atualidade Eclesial
Z7bjqldlHl4	Vida Espiritual, Oração, Sacramentos & Liturgia
g5pbAunVSRQ	Discursos & Palestras (universidades, academias, keynotes)
N8COHAt0JWA	Cristologia, Trindade & Doutrina
K4XBa6xaddQ	Cinema, TV & Cultura (comentários)
jOtsZcxi9UA	Vida Espiritual, Oração, Sacramentos & Liturgia
iUBNTNiqn60	Discursos & Palestras (universidades, academias, keynotes)
1aH2ipPjaoI	Discursos & Palestras (universidades, academias, keynotes)
SzQzcgW998Q	Ateísmo, Secularismo & Apologética
7YJ0HgjbD8U	Cinema, TV & Cultura (comentários)
TkmTeXCzGDI	Igreja, Vaticano & Atualidade Eclesial
OYRnWuhSugs	Igreja, Vaticano & Atualidade Eclesial
MPbnDij31-M	Institucional, Anúncios & Bastidores (Word on Fire)
9ssThS-GsYM	Bíblia & Escritura
HQrK7PuwU5k	Homilias, Reflexões & Vida Cristã
CTuNsMTM_vw	Homilias, Reflexões & Vida Cristã
1Fsw_nujLLI	Moral, Ética, Política & Cultura Contemporânea
5l-Lv9tGQwI	Cristologia, Trindade & Doutrina
gX-dM-dokXc	Moral, Ética, Política & Cultura Contemporânea
HSHe2FdU7v4	Institucional, Anúncios & Bastidores (Word on Fire)
O8VE4e75axs	Institucional, Anúncios & Bastidores (Word on Fire)
EXQDqjR8HGw	Igreja, Vaticano & Atualidade Eclesial
4NFyyMxnyGI	Igreja, Vaticano & Atualidade Eclesial
nfMaY1JjXiE	Cinema, TV & Cultura (comentários)
Zas2pqm8CiI	Cinema, TV & Cultura (comentários)
UG77k-xLpz8	Cristologia, Trindade & Doutrina
g5NK4fHLkC0	Moral, Ética, Política & Cultura Contemporânea
74ePNl1YT7o	Moral, Ética, Política & Cultura Contemporânea
62CBupYhHrw	Vida Espiritual, Oração, Sacramentos & Liturgia
gsfRSe-iNPw	Cinema, TV & Cultura (comentários)
w2KZDQSxwF4	Vida Espiritual, Oração, Sacramentos & Liturgia
_jewe-Mq0T0	Cinema, TV & Cultura (comentários)
AH0_jJLpizQ	Institucional, Anúncios & Bastidores (Word on Fire)
43qbMJ2TG4E	Cristologia, Trindade & Doutrina
F0ZCXynaVjk	Viagens, Peregrinações & Lugares
qC37P0Zggfk	Viagens, Peregrinações & Lugares
NyBOna6QZNM	Cristologia, Trindade & Doutrina
rBpvNs2g9G4	Cristologia, Trindade & Doutrina
N862lyF8KtU	Bíblia & Escritura
G4MwZtYGuNQ	Moral, Ética, Política & Cultura Contemporânea
lhTt3-Ggefk	Cinema, TV & Cultura (comentários)
Y-0z2m_NtS8	Moral, Ética, Política & Cultura Contemporânea
aVcmwncKwPU	Filosofia, Fé & Razão
rY6eTiAU0vg	Cinema, TV & Cultura (comentários)
UIbmCOm8jFs	Cristologia, Trindade & Doutrina
uDBTT9NL0_Q	Santos, Doutores & Figuras da Igreja
z7I32vUweo4	Cinema, TV & Cultura (comentários)
mwkhgxtU63k	Cinema, TV & Cultura (comentários)
wp3vbgU8HR4	Moral, Ética, Política & Cultura Contemporânea
2mDhWYIq8f4	Literatura, Poesia & Grandes Livros
Bu6sFh53TMg	Viagens, Peregrinações & Lugares
ADUiHKzBu9s	Viagens, Peregrinações & Lugares
_TyDjo-X1YY	Viagens, Peregrinações & Lugares
LSzF2OG2ejI	Filosofia, Fé & Razão
tA5UunU5YYo	Igreja, Vaticano & Atualidade Eclesial
xQVOJgqXZ_s	Cinema, TV & Cultura (comentários)
Qt2sTUiCftw	Homilias, Reflexões & Vida Cristã
osPHLicHajo	Homilias, Reflexões & Vida Cristã
UiFPkwTPjY4	Bíblia & Escritura
8zomejCz53A	Institucional, Anúncios & Bastidores (Word on Fire)
38greleOBYM	Moral, Ética, Política & Cultura Contemporânea
mksLv7S83-Y	Santos, Doutores & Figuras da Igreja
_blSXFFfU3M	Moral, Ética, Política & Cultura Contemporânea
2BQSqHrU7ns	Institucional, Anúncios & Bastidores (Word on Fire)
WJUTZguAPGk	Institucional, Anúncios & Bastidores (Word on Fire)
pO8iYfS6JGY	Moral, Ética, Política & Cultura Contemporânea
xhcZ8H_Nn6c	Homilias, Reflexões & Vida Cristã
FIE4auVbLIQ	Institucional, Anúncios & Bastidores (Word on Fire)
QLaamld-50o	Institucional, Anúncios & Bastidores (Word on Fire)
HFMwAOx3t5s	Institucional, Anúncios & Bastidores (Word on Fire)
Pv8xz62aJa4	Cinema, TV & Cultura (comentários)
SEp8IPJ-YZE	Cristologia, Trindade & Doutrina
BvVyaGztiDs	Institucional, Anúncios & Bastidores (Word on Fire)
qwCl_xcF4nA	Cinema, TV & Cultura (comentários)
CTvUeM6wfuI	Institucional, Anúncios & Bastidores (Word on Fire)
zHQP8INrV7M	Moral, Ética, Política & Cultura Contemporânea
pFemAFXCQ9Q	Bíblia & Escritura
YgGxaEqlYhE	Moral, Ética, Política & Cultura Contemporânea
iob8WnNofWY	Cinema, TV & Cultura (comentários)
Adzc683Tbnw	Bíblia & Escritura
3XGOJqIMwwk	Bíblia & Escritura
4MYMMcSI4MY	Cristologia, Trindade & Doutrina
jlKjV4n_YBA	Institucional, Anúncios & Bastidores (Word on Fire)
bXC_qB8xfYQ	Bíblia & Escritura
FXz__rsLMnA	Institucional, Anúncios & Bastidores (Word on Fire)
1LALRHkJioQ	Cinema, TV & Cultura (comentários)
NTbHqFtmWcw	Cinema, TV & Cultura (comentários)
luI0fvEjZ5s	Institucional, Anúncios & Bastidores (Word on Fire)
bWvmhptZa1o	Moral, Ética, Política & Cultura Contemporânea
TaoqdKz4m5E	Institucional, Anúncios & Bastidores (Word on Fire)
aO0H0Cdn3C4	Igreja, Vaticano & Atualidade Eclesial
A1RUtNmsHWU	Filosofia, Fé & Razão
uqSenlCcFws	Filosofia, Fé & Razão
q-kltT6WLB8	Institucional, Anúncios & Bastidores (Word on Fire)
LxSpOzsrOAI	Institucional, Anúncios & Bastidores (Word on Fire)
slg8CPwyCAY	Cinema, TV & Cultura (comentários)
bC9yepedQb8	Word on Fire Show / Podcast & Q&A
Zd3Y1tCwlBo	Cinema, TV & Cultura (comentários)
YTMQf9B2hss	Word on Fire Show / Podcast & Q&A
MXoPbkBZyAw	Institucional, Anúncios & Bastidores (Word on Fire)
Fdmsnbz1-EE	Cristologia, Trindade & Doutrina
Mf79IoG0lE8	Word on Fire Show / Podcast & Q&A
R0jpylnK2y8	Homilias, Reflexões & Vida Cristã
fC7xNZ5j-2o	Bíblia & Escritura
hDJcLjJEviY	Word on Fire Show / Podcast & Q&A
XdxYHfExkfo	Word on Fire Show / Podcast & Q&A
fisH54IFoEw	Moral, Ética, Política & Cultura Contemporânea
JpegmEtg6ew	Cristologia, Trindade & Doutrina
CtcKV65-9uY	Cristologia, Trindade & Doutrina
7ny0T9NoLpQ	Cristologia, Trindade & Doutrina
5tKZOkchXc0	Bíblia & Escritura
VRZK92T8k28	Igreja, Vaticano & Atualidade Eclesial
YtvXbEMkiCY	Bíblia & Escritura
1zMf_8hkCdc	Filosofia, Fé & Razão
1buybmnQ0nQ	Moral, Ética, Política & Cultura Contemporânea
Sp7Fvia3aMg	Cinema, TV & Cultura (comentários)
OLSVx84uPrY	Literatura, Poesia & Grandes Livros
IDbcHBuuG7Q	Igreja, Vaticano & Atualidade Eclesial
_apzWlqJTmo	Cinema, TV & Cultura (comentários)
KjyOUC_dWsU	Cinema, TV & Cultura (comentários)
l_OfAX5LLOI	Moral, Ética, Política & Cultura Contemporânea
s0sspv5npis	Moral, Ética, Política & Cultura Contemporânea
ceOn2UZl3wQ	Santos, Doutores & Figuras da Igreja
2wH7wONq0uY	Igreja, Vaticano & Atualidade Eclesial
PuyKsaj6GbM	Vida Espiritual, Oração, Sacramentos & Liturgia
yV1mCVmiixo	Moral, Ética, Política & Cultura Contemporânea
RQ6-pRHHoXc	Moral, Ética, Política & Cultura Contemporânea
XkOTTAMmfyM	Cinema, TV & Cultura (comentários)
IED3S-vJ5AU	Vida Espiritual, Oração, Sacramentos & Liturgia
N-xsnCGUgjA	Cinema, TV & Cultura (comentários)
8GcSlHtgmzU	Moral, Ética, Política & Cultura Contemporânea
5e8lbE1vemY	Cinema, TV & Cultura (comentários)
6jOSRQlNmtA	Igreja, Vaticano & Atualidade Eclesial
1INut0Gi09Q	Cristologia, Trindade & Doutrina
eoA6VBAOrD4	Cinema, TV & Cultura (comentários)
YWrdYsHUIVs	Moral, Ética, Política & Cultura Contemporânea
PpVbF1k0h-o	Vida Espiritual, Oração, Sacramentos & Liturgia
53nJjwaZMeM	Bíblia & Escritura
fWiEoZhyrQc	Moral, Ética, Política & Cultura Contemporânea
0kcd-frYV6s	Moral, Ética, Política & Cultura Contemporânea
TLta2b9zQ64	Ateísmo, Secularismo & Apologética
R4rZncurRAg	Bíblia & Escritura
nViOF3Qcsc8	Bíblia & Escritura
aCyJIAn4Lvk	Vida Espiritual, Oração, Sacramentos & Liturgia
m_4PSgFjtvI	Filosofia, Fé & Razão
RRbpZr3OcWE	Literatura, Poesia & Grandes Livros
fmvoc8LFdY4	Moral, Ética, Política & Cultura Contemporânea
eY8CffVn5Sk	Moral, Ética, Política & Cultura Contemporânea
OfH060EW2FM	Cinema, TV & Cultura (comentários)
6No7GkjQ4uE	Viagens, Peregrinações & Lugares
HYvbgOTGm7g	Moral, Ética, Política & Cultura Contemporânea
nesRaOKp_G0	Moral, Ética, Política & Cultura Contemporânea
AhWAlZywQDU	Moral, Ética, Política & Cultura Contemporânea
PxDTY_9w6ws	Cristologia, Trindade & Doutrina
UbMKZn98RIo	Cinema, TV & Cultura (comentários)
Ed80wXY9IQs	Igreja, Vaticano & Atualidade Eclesial
C-zrpTZnlNA	Cinema, TV & Cultura (comentários)
w2veCgeUTYk	Moral, Ética, Política & Cultura Contemporânea
dmsa0sg4Od4	Cristologia, Trindade & Doutrina
3T4-2ZXRl0Y	Moral, Ética, Política & Cultura Contemporânea
KRgkG9QxGC0	Bíblia & Escritura
ncEelMlVToE	Cinema, TV & Cultura (comentários)
ueg9FN4K6hE	Moral, Ética, Política & Cultura Contemporânea
S8F8fUlI3kg	Bíblia & Escritura
n_8oWAkmybU	Cinema, TV & Cultura (comentários)
2TbcePugj0s	Moral, Ética, Política & Cultura Contemporânea
brM78vLwoOo	Cinema, TV & Cultura (comentários)
rxv1xU1ZOdM	Moral, Ética, Política & Cultura Contemporânea
lA5oWXAJa5E	Moral, Ética, Política & Cultura Contemporânea
ePuz_E3lhRw	Moral, Ética, Política & Cultura Contemporânea
h00e2ooLMmw	Moral, Ética, Política & Cultura Contemporânea
PKVTcAMSaGY	Igreja, Vaticano & Atualidade Eclesial
5rvHNFHT3ag	Filosofia, Fé & Razão
vZkPH1rOAG0	Igreja, Vaticano & Atualidade Eclesial
7smdrghMXEM	Cinema, TV & Cultura (comentários)
rZ9WT3o94a8	Cristologia, Trindade & Doutrina
fV18QAj6UIY	Cristologia, Trindade & Doutrina
n3u4kYuSTHA	Bíblia & Escritura
DltDyVdbMWM	Bíblia & Escritura
1ip4Jx92F94	Moral, Ética, Política & Cultura Contemporânea
BWEi3sRoMUQ	Cristologia, Trindade & Doutrina
XnVVCShtt-4	Filosofia, Fé & Razão
9YyOGz3XQ-w	Moral, Ética, Política & Cultura Contemporânea
VCts0fjsmug	Homilias, Reflexões & Vida Cristã
Tjy5FYZrVHg	Moral, Ética, Política & Cultura Contemporânea
B8yRWrUjnL8	Filosofia, Fé & Razão
qnc6eGWErkY	Moral, Ética, Política & Cultura Contemporânea
KG0d9jE_7iw	Homilias, Reflexões & Vida Cristã
0ChnQE7DO0U	Moral, Ética, Política & Cultura Contemporânea
uWq6b4UOzxA	Cinema, TV & Cultura (comentários)
Uwtj_tq9PCQ	Institucional, Anúncios & Bastidores (Word on Fire)
x8zhnooySk4	Cristologia, Trindade & Doutrina
RWYwBDqFsuE	Igreja, Vaticano & Atualidade Eclesial
0KrkU-XsNbU	Moral, Ética, Política & Cultura Contemporânea
0g_PlxEIyqs	Cinema, TV & Cultura (comentários)
4wR_5bV7Glg	Moral, Ética, Política & Cultura Contemporânea
xIBb9rty3n4	Viagens, Peregrinações & Lugares
_1AtWTv4VZc	Viagens, Peregrinações & Lugares
AhRcywjuZF0	Viagens, Peregrinações & Lugares
wOpbFPEEgbA	Word on Fire Show / Podcast & Q&A
4Y4xacvLUXo	Cristologia, Trindade & Doutrina
BMuA0kn1GCs	Cristologia, Trindade & Doutrina
BmaSeN8MNMQ	Cinema, TV & Cultura (comentários)
Gx-s6zY9vP4	Filosofia, Fé & Razão
H3-I7AEmKlo	Cinema, TV & Cultura (comentários)
qX7q3yDoFD0	Cristologia, Trindade & Doutrina
xBqG2hjTVjY	Cristologia, Trindade & Doutrina
rZ1cOOLedFs	Viagens, Peregrinações & Lugares
SgFK5sry2gU	Viagens, Peregrinações & Lugares
2RW32SN9y40	Viagens, Peregrinações & Lugares
BuSBn43k6g4	Viagens, Peregrinações & Lugares
5K5dNpYU8hg	Viagens, Peregrinações & Lugares
nUI0vnw_B00	Viagens, Peregrinações & Lugares
vKqyqa6HzvM	Viagens, Peregrinações & Lugares
eTAJmcdnVy0	Moral, Ética, Política & Cultura Contemporânea
pHNeXUaHuDA	Viagens, Peregrinações & Lugares
chRJqzVsRHM	Viagens, Peregrinações & Lugares
hMI4rA4cuiM	Cristologia, Trindade & Doutrina
XMNfBC3E56Y	Filosofia, Fé & Razão
jxb8SJ454Os	Viagens, Peregrinações & Lugares
MvissOHjmxM	Moral, Ética, Política & Cultura Contemporânea
CvqWTx8ykzg	Filosofia, Fé & Razão
j9QmxmZBSR4	Viagens, Peregrinações & Lugares
fPqsxH4eSvo	Viagens, Peregrinações & Lugares
N_aXZftsyZc	Filosofia, Fé & Razão
3uUQCbkaRd0	Moral, Ética, Política & Cultura Contemporânea
banTmM-8Apk	Moral, Ética, Política & Cultura Contemporânea
TULojkjDp5Q	Homilias, Reflexões & Vida Cristã
GQVz5Q0hckQ	Moral, Ética, Política & Cultura Contemporânea
yeJF0vPSttQ	Bíblia & Escritura
pP2InFa16D0	Ateísmo, Secularismo & Apologética
kjURlqCUo4A	Cinema, TV & Cultura (comentários)
p8YTre3xqXg	Ateísmo, Secularismo & Apologética
RwX1tPjOaVY	Moral, Ética, Política & Cultura Contemporânea
Sk0el9nH6Q4	Ateísmo, Secularismo & Apologética
sF0JNwud9K0	Cinema, TV & Cultura (comentários)
L0Tckg686L4	Cinema, TV & Cultura (comentários)
NSPbmWIPAN0	Literatura, Poesia & Grandes Livros
xAAxTGvOawA	Cinema, TV & Cultura (comentários)
m-NoRbPEPzs	Filosofia, Fé & Razão
a5bzImAl5JQ	Cinema, TV & Cultura (comentários)
Pio5pf-Eoi8	Literatura, Poesia & Grandes Livros
LTgBTb2TUhU	Bíblia & Escritura
